layer,pos,target,n,auc
10,0,leaked_vs_not,270,0.4818298180199232
10,0,leaked_vs_approp,234,0.5072209367270406
10,0,refused_vs_rest,270,0.5240978157644824
10,1,leaked_vs_not,270,0.47999332183204413
10,1,leaked_vs_approp,234,0.4817681321311737
10,1,refused_vs_rest,270,0.6436372269705603
10,2,leaked_vs_not,270,0.5113250598252546
10,2,leaked_vs_approp,234,0.47235298811138593
10,2,refused_vs_rest,270,0.6157407407407407
10,3,leaked_vs_not,270,0.5405420446324225
10,3,leaked_vs_approp,234,0.5092954599856379
10,3,refused_vs_rest,270,0.5692070275403609
10,4,leaked_vs_not,270,0.5182814847793421
10,4,leaked_vs_approp,234,0.4709167797015878
10,4,refused_vs_rest,270,0.5892687559354226
10,5,leaked_vs_not,270,0.48789582057988756
10,5,leaked_vs_approp,234,0.4659698396233943
10,5,refused_vs_rest,270,0.5594729344729346
10,6,leaked_vs_not,270,0.6286938616506206
10,6,leaked_vs_approp,234,0.5387377323864996
10,6,refused_vs_rest,270,0.7278015194681862
10,7,leaked_vs_not,270,0.5658634314653013
10,7,leaked_vs_approp,234,0.4910236974387616
10,7,refused_vs_rest,270,0.7203228869895537
10,8,leaked_vs_not,270,0.5798319327731092
10,8,leaked_vs_approp,234,0.49405569297055774
10,8,refused_vs_rest,270,0.6943257359924027
10,9,leaked_vs_not,270,0.5811119149646613
10,9,leaked_vs_approp,234,0.49222053778026015
10,9,refused_vs_rest,270,0.6743827160493827
10,10,leaked_vs_not,270,0.5532862151483109
10,10,leaked_vs_approp,234,0.47203383068698634
10,10,refused_vs_rest,270,0.7015669515669515
10,11,leaked_vs_not,270,0.5425454950191998
10,11,leaked_vs_approp,234,0.5015558924439479
10,11,refused_vs_rest,270,0.6448243114909782
10,12,leaked_vs_not,270,0.5762145917969838
10,12,leaked_vs_approp,234,0.5441634086012926
10,12,refused_vs_rest,270,0.6790123456790123
10,13,leaked_vs_not,270,0.5812788691635594
10,13,leaked_vs_approp,234,0.5813452485438443
10,13,refused_vs_rest,270,0.662037037037037
10,14,leaked_vs_not,270,0.584506650342256
10,14,leaked_vs_approp,234,0.5682597941434613
10,14,refused_vs_rest,270,0.6851851851851852
10,15,leaked_vs_not,270,0.6500639991095776
10,15,leaked_vs_approp,234,0.5274874331764141
10,15,refused_vs_rest,270,0.6718898385565052
10,16,leaked_vs_not,270,0.6590238744504424
10,16,leaked_vs_approp,234,0.5790313572169473
10,16,refused_vs_rest,270,0.7089268755935423
10,17,leaked_vs_not,270,0.6499526963103122
10,17,leaked_vs_approp,234,0.5851751376366394
10,17,refused_vs_rest,270,0.7648385565052231
10,18,leaked_vs_not,270,0.5384829428460125
10,18,leaked_vs_approp,234,0.5223809143860209
10,18,refused_vs_rest,270,0.6552706552706552
10,19,leaked_vs_not,270,0.5963047470643886
10,19,leaked_vs_approp,234,0.5259714354105162
10,19,refused_vs_rest,270,0.6735517568850902
10,20,leaked_vs_not,270,0.636763314597362
10,20,leaked_vs_approp,234,0.5740046277826538
10,20,refused_vs_rest,270,0.6644112060778729
10,21,leaked_vs_not,270,0.5804997495687015
10,21,leaked_vs_approp,234,0.5282055373813134
10,21,refused_vs_rest,270,0.6964624881291548
10,22,leaked_vs_not,270,0.5981968946519005
10,22,leaked_vs_approp,234,0.549269927391686
10,22,refused_vs_rest,270,0.7863247863247863
10,23,leaked_vs_not,270,0.5619678334910123
10,23,leaked_vs_approp,234,0.5962658581345248
10,23,refused_vs_rest,270,0.7130816714150048
10,24,leaked_vs_not,270,0.5905170015025878
10,24,leaked_vs_approp,234,0.5545360248942792
10,24,refused_vs_rest,270,0.6934947768281101
10,25,leaked_vs_not,270,0.6530691746897435
10,25,leaked_vs_approp,234,0.5543764461820794
10,25,refused_vs_rest,270,0.7843067426400759
10,26,leaked_vs_not,270,0.6601369024430964
10,26,leaked_vs_approp,234,0.6056012127982128
10,26,refused_vs_rest,270,0.7226970560303895
10,27,leaked_vs_not,270,0.6226835104902888
10,27,leaked_vs_approp,234,0.5787121997925475
10,27,refused_vs_rest,270,0.7256647673314339
10,28,leaked_vs_not,270,0.6560186988702765
10,28,leaked_vs_approp,234,0.6813213117370143
10,28,refused_vs_rest,270,0.7301756885090218
10,29,leaked_vs_not,270,0.645333630140798
10,29,leaked_vs_approp,234,0.6773318439320195
10,29,refused_vs_rest,270,0.6783000949667616
10,30,leaked_vs_not,270,0.6771105793310702
10,30,leaked_vs_approp,234,0.674698795180723
10,30,refused_vs_rest,270,0.6677350427350427
10,31,leaked_vs_not,270,0.6279147420557627
10,31,leaked_vs_approp,234,0.6288199154232825
10,31,refused_vs_rest,270,0.7092830009496677
10,32,leaked_vs_not,270,0.7056597473426457
10,32,leaked_vs_approp,234,0.696241921327695
10,32,refused_vs_rest,270,0.6633428300094967
10,33,leaked_vs_not,270,0.632311202626746
10,33,leaked_vs_approp,234,0.635442431979574
10,33,refused_vs_rest,270,0.6118233618233618
10,34,leaked_vs_not,270,0.6728254215593522
10,34,leaked_vs_approp,234,0.707013484401181
10,34,refused_vs_rest,270,0.6176400759734092
10,35,leaked_vs_not,270,0.6308642662362958
10,35,leaked_vs_approp,234,0.6345647490624752
10,35,refused_vs_rest,270,0.7351614434947767
10,36,leaked_vs_not,270,0.6762758083365796
10,36,leaked_vs_approp,234,0.7003909678448894
10,36,refused_vs_rest,270,0.7740978157644824
10,37,leaked_vs_not,270,0.6071011185931325
10,37,leaked_vs_approp,234,0.6681560679805314
10,37,refused_vs_rest,270,0.7494064577397911
10,38,leaked_vs_not,270,0.6727141187600868
10,38,leaked_vs_approp,234,0.7235298811138594
10,38,refused_vs_rest,270,0.7511870845204179
10,39,leaked_vs_not,270,0.6420501975624686
10,39,leaked_vs_approp,234,0.7059762227718823
10,39,refused_vs_rest,270,0.7755223171889838
10,40,leaked_vs_not,270,0.6665924648004897
10,40,leaked_vs_approp,234,0.7350993377483445
10,40,refused_vs_rest,270,0.7659069325735992
10,41,leaked_vs_not,270,0.6684846123880016
10,41,leaked_vs_approp,234,0.6598579749461422
10,41,refused_vs_rest,270,0.688034188034188
10,42,leaked_vs_not,270,0.682174856697646
10,42,leaked_vs_approp,234,0.6983164445862922
10,42,refused_vs_rest,270,0.724596391263058
10,43,leaked_vs_not,270,0.697979854193333
10,43,leaked_vs_approp,234,0.7097263225085774
10,43,refused_vs_rest,270,0.6461301044634378
10,44,leaked_vs_not,270,0.5885692025154432
10,44,leaked_vs_approp,234,0.6135003590521025
10,44,refused_vs_rest,270,0.662630579297246
10,45,leaked_vs_not,270,0.6330903222216038
10,45,leaked_vs_approp,234,0.610707731588606
10,45,refused_vs_rest,270,0.7710113960113961
10,46,leaked_vs_not,270,0.6820079024987478
10,46,leaked_vs_approp,234,0.6213995053059921
10,46,refused_vs_rest,270,0.7174738841405508
10,47,leaked_vs_not,270,0.6667037675997551
10,47,leaked_vs_approp,234,0.6419053698236656
10,47,refused_vs_rest,270,0.7465574548907883
10,48,leaked_vs_not,270,0.662084701430241
10,48,leaked_vs_approp,234,0.6170908800765978
10,48,refused_vs_rest,270,0.7520180436847104
10,49,leaked_vs_not,270,0.6657020424063665
10,49,leaked_vs_approp,234,0.6217186627303917
10,49,refused_vs_rest,270,0.6983618233618234
10,50,leaked_vs_not,270,0.6540152484834995
10,50,leaked_vs_approp,234,0.5917178648368308
10,50,refused_vs_rest,270,0.7051282051282051
10,51,leaked_vs_not,270,0.6391006733819355
10,51,leaked_vs_approp,234,0.6394318997845687
10,51,refused_vs_rest,270,0.7337369420702754
10,52,leaked_vs_not,270,0.6156714341365686
10,52,leaked_vs_approp,234,0.6175696162131971
10,52,refused_vs_rest,270,0.6566951566951567
10,53,leaked_vs_not,270,0.6385441593856086
10,53,leaked_vs_approp,234,0.6498843054336552
10,53,refused_vs_rest,270,0.6995489078822412
10,54,leaked_vs_not,270,0.6493405309143525
10,54,leaked_vs_approp,234,0.6455756802042608
10,54,refused_vs_rest,270,0.7828822412155745
10,55,leaked_vs_not,270,0.6489509711169236
10,55,leaked_vs_approp,234,0.6324902258038778
10,55,refused_vs_rest,270,0.7380104463437797
10,56,leaked_vs_not,270,0.686626968668262
10,56,leaked_vs_approp,234,0.69999202106439
10,56,refused_vs_rest,270,0.7288698955365621
10,57,leaked_vs_not,270,0.6372085257944237
10,57,leaked_vs_approp,234,0.6933695045080986
10,57,refused_vs_rest,270,0.7407407407407408
10,58,leaked_vs_not,270,0.6024264010239856
10,58,leaked_vs_approp,234,0.6442990505066625
10,58,refused_vs_rest,270,0.7148622981956315
10,59,leaked_vs_not,270,0.6320885970282152
10,59,leaked_vs_approp,234,0.614617410037501
10,59,refused_vs_rest,270,0.6845916429249763
10,60,leaked_vs_not,270,0.6623629584284045
10,60,leaked_vs_approp,234,0.6881831963616053
10,60,refused_vs_rest,270,0.6720085470085471
10,61,leaked_vs_not,270,0.6914686404363071
10,61,leaked_vs_approp,234,0.662251655629139
10,61,refused_vs_rest,270,0.636633428300095
10,62,leaked_vs_not,270,0.6841783070844232
10,62,leaked_vs_approp,234,0.6202824543205937
10,62,refused_vs_rest,270,0.768755935422602
10,63,leaked_vs_not,270,0.6792809839167455
10,63,leaked_vs_approp,234,0.6718263783611267
10,63,refused_vs_rest,270,0.705721747388414
10,64,leaked_vs_not,270,0.6077132839890924
10,64,leaked_vs_approp,234,0.6180483523497966
10,64,refused_vs_rest,270,0.7532051282051282
15,0,leaked_vs_not,270,0.6203461517057154
15,0,leaked_vs_approp,234,0.6143780419692014
15,0,refused_vs_rest,270,0.7435897435897436
15,1,leaked_vs_not,270,0.6022037954254549
15,1,leaked_vs_approp,234,0.5921168116173302
15,1,refused_vs_rest,270,0.8239553656220323
15,2,leaked_vs_not,270,0.6129445155545662
15,2,leaked_vs_approp,234,0.5479932976940876
15,2,refused_vs_rest,270,0.7890550807217473
15,3,leaked_vs_not,270,0.6188435639156324
15,3,leaked_vs_approp,234,0.5713715790313573
15,3,refused_vs_rest,270,0.7781339031339032
15,4,leaked_vs_not,270,0.5805554009683344
15,4,leaked_vs_approp,234,0.5728077874411555
15,4,refused_vs_rest,270,0.7812203228869895
15,5,leaked_vs_not,270,0.5694807724414268
15,5,leaked_vs_approp,234,0.5624351711481689
15,5,refused_vs_rest,270,0.7730294396961064
15,6,leaked_vs_not,270,0.6602482052423618
15,6,leaked_vs_approp,234,0.5870102928269368
15,6,refused_vs_rest,270,0.8009259259259259
15,7,leaked_vs_not,270,0.6531804774890089
15,7,leaked_vs_approp,234,0.5819835633926435
15,7,refused_vs_rest,270,0.7851377018043685
15,8,leaked_vs_not,270,0.6236852356836774
15,8,leaked_vs_approp,234,0.5126466129418336
15,8,refused_vs_rest,270,0.7644824311490978
15,9,leaked_vs_not,270,0.5994768768434525
15,9,leaked_vs_approp,234,0.537700470757201
15,9,refused_vs_rest,270,0.7802706552706553
15,10,leaked_vs_not,270,0.6185096555178362
15,10,leaked_vs_approp,234,0.5195882869225246
15,10,refused_vs_rest,270,0.798670465337132
15,11,leaked_vs_not,270,0.6207357115031443
15,11,leaked_vs_approp,234,0.5598819117529721
15,11,refused_vs_rest,270,0.7679249762583095
15,12,leaked_vs_not,270,0.6590795258500752
15,12,leaked_vs_approp,234,0.6150163568180005
15,12,refused_vs_rest,270,0.7897673314339981
15,13,leaked_vs_not,270,0.6242417496800045
15,13,leaked_vs_approp,234,0.6225165562913908
15,13,refused_vs_rest,270,0.7692307692307692
15,14,leaked_vs_not,270,0.6136679837497914
15,14,leaked_vs_approp,234,0.5578073884943748
15,14,refused_vs_rest,270,0.8271604938271605
15,15,leaked_vs_not,270,0.6960320552061885
15,15,leaked_vs_approp,234,0.6111864677252055
15,15,refused_vs_rest,270,0.834045584045584
15,16,leaked_vs_not,270,0.6396015359786298
15,16,leaked_vs_approp,234,0.5455996170110907
15,16,refused_vs_rest,270,0.8552943969610636
15,17,leaked_vs_not,270,0.6581891034559517
15,17,leaked_vs_approp,234,0.579190935929147
15,17,refused_vs_rest,270,0.8418803418803419
15,18,leaked_vs_not,270,0.638098948188547
15,18,leaked_vs_approp,234,0.6342455916380755
15,18,refused_vs_rest,270,0.8035375118708452
15,19,leaked_vs_not,270,0.6064333017975403
15,19,leaked_vs_approp,234,0.5444825660256922
15,19,refused_vs_rest,270,0.7812203228869896
15,20,leaked_vs_not,270,0.6354276810061774
15,20,leaked_vs_approp,234,0.5837389292268411
15,20,refused_vs_rest,270,0.76994301994302
15,21,leaked_vs_not,270,0.5926874060882631
15,21,leaked_vs_approp,234,0.5593233862602729
15,21,refused_vs_rest,270,0.7688746438746439
15,22,leaked_vs_not,270,0.6327564138238077
15,22,leaked_vs_approp,234,0.5863719779781377
15,22,refused_vs_rest,270,0.8380816714150048
15,23,leaked_vs_not,270,0.6006455562357392
15,23,leaked_vs_approp,234,0.616213197159499
15,23,refused_vs_rest,270,0.8417616334283001
15,24,leaked_vs_not,270,0.6047637598085592
15,24,leaked_vs_approp,234,0.5332322668156069
15,24,refused_vs_rest,270,0.821343779677113
15,25,leaked_vs_not,270,0.6901886582447548
15,25,leaked_vs_approp,234,0.5987393281736216
15,25,refused_vs_rest,270,0.8363010446343779
15,26,leaked_vs_not,270,0.6959764038065557
15,26,leaked_vs_approp,234,0.6451767334237613
15,26,refused_vs_rest,270,0.8360636277302944
15,27,leaked_vs_not,270,0.6604708108408927
15,27,leaked_vs_approp,234,0.6316923322428788
15,27,refused_vs_rest,270,0.8259734093067427
15,28,leaked_vs_not,270,0.6829539762925038
15,28,leaked_vs_approp,234,0.6757360568100215
15,28,refused_vs_rest,270,0.8072174738841406
15,29,leaked_vs_not,270,0.6534587344871723
15,29,leaked_vs_approp,234,0.6767733184393202
15,29,refused_vs_rest,270,0.7689933523266856
15,30,leaked_vs_not,270,0.7173465412655129
15,30,leaked_vs_approp,234,0.6929705577275991
15,30,refused_vs_rest,270,0.7484567901234568
15,31,leaked_vs_not,270,0.7084423173242806
15,31,leaked_vs_approp,234,0.6933695045080985
15,31,refused_vs_rest,270,0.7515432098765432
15,32,leaked_vs_not,270,0.7215203962379654
15,32,leaked_vs_approp,234,0.7203383068698636
15,32,refused_vs_rest,270,0.7720797720797721
15,33,leaked_vs_not,270,0.7088318771217096
15,33,leaked_vs_approp,234,0.7081305353865794
15,33,refused_vs_rest,270,0.7733855650522318
15,34,leaked_vs_not,270,0.6935277422227168
15,34,leaked_vs_approp,234,0.6990345487911913
15,34,refused_vs_rest,270,0.7830009496676164
15,35,leaked_vs_not,270,0.6782236073237242
15,35,leaked_vs_approp,234,0.6859490943908083
15,35,refused_vs_rest,270,0.8116096866096867
15,36,leaked_vs_not,270,0.7061606099393399
15,36,leaked_vs_approp,234,0.6771722652198197
15,36,refused_vs_rest,270,0.8620607787274454
15,37,leaked_vs_not,270,0.6431632255551227
15,37,leaked_vs_approp,234,0.6508417777068539
15,37,refused_vs_rest,270,0.8074548907882241
15,38,leaked_vs_not,270,0.7215203962379654
15,38,leaked_vs_approp,234,0.7355780738849438
15,38,refused_vs_rest,270,0.8142212725546059
15,39,leaked_vs_not,270,0.6816739941009515
15,39,leaked_vs_approp,234,0.7340620761190457
15,39,refused_vs_rest,270,0.796415004748338
15,40,leaked_vs_not,270,0.6798374979130726
15,40,leaked_vs_approp,234,0.7319875528604484
15,40,refused_vs_rest,270,0.7964150047483382
15,41,leaked_vs_not,270,0.7113918415048138
15,41,leaked_vs_approp,234,0.7187425197478656
15,41,refused_vs_rest,270,0.7847815764482431
15,42,leaked_vs_not,270,0.7461739662752518
15,42,leaked_vs_approp,234,0.7686108673103008
15,42,refused_vs_rest,270,0.7768281101614435
15,43,leaked_vs_not,270,0.7476765540653347
15,43,leaked_vs_approp,234,0.7654192930663049
15,43,refused_vs_rest,270,0.7803893637226972
15,44,leaked_vs_not,270,0.7157883020757972
15,44,leaked_vs_approp,234,0.7359770206654432
15,44,refused_vs_rest,270,0.7697056030389363
15,45,leaked_vs_not,270,0.7022093605654182
15,45,leaked_vs_approp,234,0.6731827974148249
15,45,refused_vs_rest,270,0.823005698005698
15,46,leaked_vs_not,270,0.7204630196449441
15,46,leaked_vs_approp,234,0.6591398707412431
15,46,refused_vs_rest,270,0.8282288698955366
15,47,leaked_vs_not,270,0.6844565640825867
15,47,leaked_vs_approp,234,0.6767733184393201
15,47,refused_vs_rest,270,0.780389363722697
15,48,leaked_vs_not,270,0.6712671823696366
15,48,leaked_vs_approp,234,0.6263464453841858
15,48,refused_vs_rest,270,0.8358262108262108
15,49,leaked_vs_not,270,0.6832878846902999
15,49,leaked_vs_approp,234,0.6596186068778425
15,49,refused_vs_rest,270,0.7985517568850903
15,50,leaked_vs_not,270,0.7128387778952641
15,50,leaked_vs_approp,234,0.6947259235617969
15,50,refused_vs_rest,270,0.7713675213675213
15,51,leaked_vs_not,270,0.6677054927931437
15,51,leaked_vs_approp,234,0.6851512008298094
15,51,refused_vs_rest,270,0.7663817663817664
15,52,leaked_vs_not,270,0.7103344649117925
15,52,leaked_vs_approp,234,0.6584217665363441
15,52,refused_vs_rest,270,0.7640075973409307
15,53,leaked_vs_not,270,0.6809505259057266
15,53,leaked_vs_approp,234,0.6525173541849517
15,53,refused_vs_rest,270,0.7711301044634379
15,54,leaked_vs_not,270,0.6458344927374924
15,54,leaked_vs_approp,234,0.6409478975504669
15,54,refused_vs_rest,270,0.8545821462488129
15,55,leaked_vs_not,270,0.6468918693305137
15,55,leaked_vs_approp,234,0.663049549190138
15,55,refused_vs_rest,270,0.8189696106362774
15,56,leaked_vs_not,270,0.6833991874895653
15,56,leaked_vs_approp,234,0.733822708050746
15,56,refused_vs_rest,270,0.8194444444444445
15,57,leaked_vs_not,270,0.6433301797540207
15,57,leaked_vs_approp,234,0.6979972871618927
15,57,refused_vs_rest,270,0.8287037037037037
15,58,leaked_vs_not,270,0.6716567421670655
15,58,leaked_vs_approp,234,0.6988749700789915
15,58,refused_vs_rest,270,0.8315527065527065
15,59,leaked_vs_not,270,0.6689854749846958
15,59,leaked_vs_approp,234,0.6664007021463337
15,59,refused_vs_rest,270,0.7701804368471036
15,60,leaked_vs_not,270,0.6864600144693639
15,60,leaked_vs_approp,234,0.7066145376206813
15,60,refused_vs_rest,270,0.7613960113960114
15,61,leaked_vs_not,270,0.7228003784295175
15,61,leaked_vs_approp,234,0.6774914226442192
15,61,refused_vs_rest,270,0.7902421652421653
15,62,leaked_vs_not,270,0.732372419166342
15,62,leaked_vs_approp,234,0.7079709566743796
15,62,refused_vs_rest,270,0.8397435897435898
15,63,leaked_vs_not,270,0.7177361010629417
15,63,leaked_vs_approp,234,0.711561477698875
15,63,refused_vs_rest,270,0.8105413105413107
15,64,leaked_vs_not,270,0.6891869330513661
15,64,leaked_vs_approp,234,0.7113221096305754
15,64,refused_vs_rest,270,0.8259734093067427
20,0,leaked_vs_not,270,0.6865156658689966
20,0,leaked_vs_approp,234,0.6521981967605521
20,0,refused_vs_rest,270,0.8909069325735992
20,1,leaked_vs_not,270,0.6551282764761535
20,1,leaked_vs_approp,234,0.6097502593154074
20,1,refused_vs_rest,270,0.8863960113960114
20,2,leaked_vs_not,270,0.6664811620012243
20,2,leaked_vs_approp,234,0.6142184632570016
20,2,refused_vs_rest,270,0.842355175688509
20,3,leaked_vs_not,270,0.6188435639156326
20,3,leaked_vs_approp,234,0.5940317561637277
20,3,refused_vs_rest,270,0.8158831908831908
20,4,leaked_vs_not,270,0.6399910957760587
20,4,leaked_vs_approp,234,0.6101492060959068
20,4,refused_vs_rest,270,0.8486467236467237
20,5,leaked_vs_not,270,0.6455005843396963
20,5,leaked_vs_approp,234,0.586930503470837
20,5,refused_vs_rest,270,0.84508547008547
20,6,leaked_vs_not,270,0.6845122154822194
20,6,leaked_vs_approp,234,0.6096704699593074
20,6,refused_vs_rest,270,0.8268043684710351
20,7,leaked_vs_not,270,0.6802827091101341
20,7,leaked_vs_approp,234,0.5995372217346205
20,7,refused_vs_rest,270,0.8279914529914529
20,8,leaked_vs_not,270,0.6289721186487841
20,8,leaked_vs_approp,234,0.541530359849996
20,8,refused_vs_rest,270,0.8051994301994302
20,9,leaked_vs_not,270,0.6324781568256441
20,9,leaked_vs_approp,234,0.5831804037341419
20,9,refused_vs_rest,270,0.807573599240266
20,10,leaked_vs_not,270,0.6334798820190328
20,10,leaked_vs_approp,234,0.5340301603766058
20,10,refused_vs_rest,270,0.8118471035137702
20,11,leaked_vs_not,270,0.6576882408592575
20,11,leaked_vs_approp,234,0.6029681640469162
20,11,refused_vs_rest,270,0.825735992402659
20,12,leaked_vs_not,270,0.6595247370471368
20,12,leaked_vs_approp,234,0.6134205696960027
20,12,refused_vs_rest,270,0.8306030389363723
20,13,leaked_vs_not,270,0.6788357727196839
20,13,leaked_vs_approp,234,0.6747785845368227
20,13,refused_vs_rest,270,0.8270417853751186
20,14,leaked_vs_not,270,0.6682620067894708
20,14,leaked_vs_approp,234,0.6301763344769807
20,14,refused_vs_rest,270,0.8855650522317189
20,15,leaked_vs_not,270,0.7254716456118872
20,15,leaked_vs_approp,234,0.6589802920290433
20,15,refused_vs_rest,270,0.8608736942070274
20,16,leaked_vs_not,270,0.7052701875452166
20,16,leaked_vs_approp,234,0.6476502034628581
20,16,refused_vs_rest,270,0.8690645773979108
20,17,leaked_vs_not,270,0.6675385385942456
20,17,leaked_vs_approp,234,0.6157344610228995
20,17,refused_vs_rest,270,0.8603988603988604
20,18,leaked_vs_not,270,0.6188992153152651
20,18,leaked_vs_approp,234,0.6143780419692014
20,18,refused_vs_rest,270,0.8478157644824311
20,19,leaked_vs_not,270,0.6277477878568646
20,19,leaked_vs_approp,234,0.5614776988749701
20,19,refused_vs_rest,270,0.8453228869895536
20,20,leaked_vs_not,270,0.6659246480048973
20,20,leaked_vs_approp,234,0.6160536184472991
20,20,refused_vs_rest,270,0.797602089268756
20,21,leaked_vs_not,270,0.6657020424063665
20,21,leaked_vs_approp,234,0.6221973988669912
20,21,refused_vs_rest,270,0.792022792022792
20,22,leaked_vs_not,270,0.6608047192386889
20,22,leaked_vs_approp,234,0.5998563791590202
20,22,refused_vs_rest,270,0.8644349477682811
20,23,leaked_vs_not,270,0.6330346708219711
20,23,leaked_vs_approp,234,0.577674938163249
20,23,refused_vs_rest,270,0.8398622981956315
20,24,leaked_vs_not,270,0.666536813400857
20,24,leaked_vs_approp,234,0.5733663129338546
20,24,refused_vs_rest,270,0.8380816714150048
20,25,leaked_vs_not,270,0.682174856697646
20,25,leaked_vs_approp,234,0.6217186627303919
20,25,refused_vs_rest,270,0.8792735042735043
20,26,leaked_vs_not,270,0.6775001391284989
20,26,leaked_vs_approp,234,0.6295380196281817
20,26,refused_vs_rest,270,0.8806980056980058
20,27,leaked_vs_not,270,0.6762758083365795
20,27,leaked_vs_approp,234,0.6394318997845688
20,27,refused_vs_rest,270,0.8481718898385565
20,28,leaked_vs_not,270,0.6761645055373141
20,28,leaked_vs_approp,234,0.6753371100295222
20,28,refused_vs_rest,270,0.8399810066476733
20,29,leaked_vs_not,270,0.6923034114307974
20,29,leaked_vs_approp,234,0.7005505465570893
20,29,refused_vs_rest,270,0.8525641025641026
20,30,leaked_vs_not,270,0.7250820858144581
20,30,leaked_vs_approp,234,0.7096465331524775
20,30,refused_vs_rest,270,0.8285849952516618
20,31,leaked_vs_not,270,0.7447270298848016
20,31,leaked_vs_approp,234,0.7167477858453682
20,31,refused_vs_rest,270,0.8292972459639126
20,32,leaked_vs_not,270,0.711002281707385
20,32,leaked_vs_approp,234,0.7035825420888854
20,32,refused_vs_rest,270,0.8113722697056029
20,33,leaked_vs_not,270,0.682731370693973
20,33,leaked_vs_approp,234,0.6885821431421049
20,33,refused_vs_rest,270,0.8044871794871796
20,34,leaked_vs_not,270,0.7171239356669821
20,34,leaked_vs_approp,234,0.6989547594350913
20,34,refused_vs_rest,270,0.8011633428300095
20,35,leaked_vs_not,270,0.6963659636039845
20,35,leaked_vs_approp,234,0.686108673103008
20,35,refused_vs_rest,270,0.8086419753086419
20,36,leaked_vs_not,270,0.7048249763481552
20,36,leaked_vs_approp,234,0.6841139392005107
20,36,refused_vs_rest,270,0.8665716999050331
20,37,leaked_vs_not,270,0.69091212643998
20,37,leaked_vs_approp,234,0.6826777307907125
20,37,refused_vs_rest,270,0.8251424501424501
20,38,leaked_vs_not,270,0.6852913350770771
20,38,leaked_vs_approp,234,0.7101252692890768
20,38,refused_vs_rest,270,0.8361823361823362
20,39,leaked_vs_not,270,0.6938059992208804
20,39,leaked_vs_approp,234,0.7292747147530518
20,39,refused_vs_rest,270,0.8129154795821463
20,40,leaked_vs_not,270,0.6990372307863543
20,40,leaked_vs_approp,234,0.7557647809782175
20,40,refused_vs_rest,270,0.8092355175688509
20,41,leaked_vs_not,270,0.7393844955200622
20,41,leaked_vs_approp,234,0.7273597702066544
20,41,refused_vs_rest,270,0.8138651471984806
20,42,leaked_vs_not,270,0.7396071011185932
20,42,leaked_vs_approp,234,0.771563073485997
20,42,refused_vs_rest,270,0.8066239316239315
20,43,leaked_vs_not,270,0.7373253937336524
20,43,leaked_vs_approp,234,0.7618287720418095
20,43,refused_vs_rest,270,0.7958214624881291
20,44,leaked_vs_not,270,0.6892425844509988
20,44,leaked_vs_approp,234,0.7358174419532433
20,44,refused_vs_rest,270,0.8031813865147199
20,45,leaked_vs_not,270,0.6998163503812119
20,45,leaked_vs_approp,234,0.6557887177850474
20,45,refused_vs_rest,270,0.8342830009496677
20,46,leaked_vs_not,270,0.7273637931993989
20,46,leaked_vs_approp,234,0.6875448815128062
20,46,refused_vs_rest,270,0.8364197530864198
20,47,leaked_vs_not,270,0.7032110857588069
20,47,leaked_vs_approp,234,0.6711880635123275
20,47,refused_vs_rest,270,0.8182573599240266
20,48,leaked_vs_not,270,0.7017641493683566
20,48,leaked_vs_approp,234,0.6729434293465252
20,48,refused_vs_rest,270,0.825735992402659
20,49,leaked_vs_not,270,0.6797818465134398
20,49,leaked_vs_approp,234,0.6546716667996489
20,49,refused_vs_rest,270,0.8258547008547009
20,50,leaked_vs_not,270,0.7117814013022428
20,50,leaked_vs_approp,234,0.6942471874251975
20,50,refused_vs_rest,270,0.7431149097815765
20,51,leaked_vs_not,270,0.6867382714675273
20,51,leaked_vs_approp,234,0.6841937285566105
20,51,refused_vs_rest,270,0.7700617283950617
20,52,leaked_vs_not,270,0.7036006455562359
20,52,leaked_vs_approp,234,0.6437405250139632
20,52,refused_vs_rest,270,0.7590218423551757
20,53,leaked_vs_not,270,0.6821748566976459
20,53,leaked_vs_approp,234,0.6478097821750578
20,53,refused_vs_rest,270,0.7795584045584045
20,54,leaked_vs_not,270,0.6785575157215203
20,54,leaked_vs_approp,234,0.6374371658820713
20,54,refused_vs_rest,270,0.8656220322886989
20,55,leaked_vs_not,270,0.6618064444320775
20,55,leaked_vs_approp,234,0.639910635921168
20,55,refused_vs_rest,270,0.8030626780626781
20,56,leaked_vs_not,270,0.6616394902331794
20,56,leaked_vs_approp,234,0.6979174978057927
20,56,refused_vs_rest,270,0.8097103513770181
20,57,leaked_vs_not,270,0.6195670321108576
20,57,leaked_vs_approp,234,0.6678369105561319
20,57,refused_vs_rest,270,0.8029439696106362
20,58,leaked_vs_not,270,0.6799488007123379
20,58,leaked_vs_approp,234,0.6533152477459507
20,58,refused_vs_rest,270,0.8198005698005698
20,59,leaked_vs_not,270,0.6411041237687127
20,59,leaked_vs_approp,234,0.6347243277746749
20,59,refused_vs_rest,270,0.7863247863247863
20,60,leaked_vs_not,270,0.6970894317992097
20,60,leaked_vs_approp,234,0.7079709566743798
20,60,refused_vs_rest,270,0.7606837606837608
20,61,leaked_vs_not,270,0.7169569814680838
20,61,leaked_vs_approp,234,0.675416899385622
20,61,refused_vs_rest,270,0.7579534662867996
20,62,leaked_vs_not,270,0.7430574878958205
20,62,leaked_vs_approp,234,0.7095667437963775
20,62,refused_vs_rest,270,0.8355887939221273
20,63,leaked_vs_not,270,0.7259725082085814
20,63,leaked_vs_approp,234,0.7263225085773557
20,63,refused_vs_rest,270,0.8603988603988604
20,64,leaked_vs_not,270,0.6806166175079303
20,64,leaked_vs_approp,234,0.7110827415622756
20,64,refused_vs_rest,270,0.8112535612535612
24,0,leaked_vs_not,270,0.689019978852468
24,0,leaked_vs_approp,234,0.6794861565467168
24,0,refused_vs_rest,270,0.8695394112060779
24,1,leaked_vs_not,270,0.6644220602148143
24,1,leaked_vs_approp,234,0.594590281656427
24,1,refused_vs_rest,270,0.8691832858499525
24,2,leaked_vs_not,270,0.6339250932160944
24,2,leaked_vs_approp,234,0.5707332641825581
24,2,refused_vs_rest,270,0.8122032288698956
24,3,leaked_vs_not,270,0.6124993043575047
24,3,leaked_vs_approp,234,0.6051224766616133
24,3,refused_vs_rest,270,0.780982905982906
24,4,leaked_vs_not,270,0.6419388947632033
24,4,leaked_vs_approp,234,0.5916380754807309
24,4,refused_vs_rest,270,0.8376068376068375
24,5,leaked_vs_not,270,0.6290277700484168
24,5,leaked_vs_approp,234,0.5562913907284768
24,5,refused_vs_rest,270,0.8133903133903134
24,6,leaked_vs_not,270,0.673048027157883
24,6,leaked_vs_approp,234,0.5969839623394241
24,6,refused_vs_rest,270,0.7897673314339981
24,7,leaked_vs_not,270,0.6428293171573265
24,7,leaked_vs_approp,234,0.57679725524615
24,7,refused_vs_rest,270,0.7974833808167142
24,8,leaked_vs_not,270,0.6230730702877177
24,8,leaked_vs_approp,234,0.5344291071571052
24,8,refused_vs_rest,270,0.7713675213675213
24,9,leaked_vs_not,270,0.5891257165117703
24,9,leaked_vs_approp,234,0.5209447059762227
24,9,refused_vs_rest,270,0.7536799620132955
24,10,leaked_vs_not,270,0.6212365740998386
24,10,leaked_vs_approp,234,0.5195882869225245
24,10,refused_vs_rest,270,0.7551044634377968
24,11,leaked_vs_not,270,0.6270799710612722
24,11,leaked_vs_approp,234,0.5756004149046516
24,11,refused_vs_rest,270,0.8042497625830959
24,12,leaked_vs_not,270,0.6140575435472202
24,12,leaked_vs_approp,234,0.5943509135881273
24,12,refused_vs_rest,270,0.7916666666666666
24,13,leaked_vs_not,270,0.6647559686126105
24,13,leaked_vs_approp,234,0.649245990584856
24,13,refused_vs_rest,270,0.7818138651471984
24,14,leaked_vs_not,270,0.6393789303800991
24,14,leaked_vs_approp,234,0.6048831085933137
24,14,refused_vs_rest,270,0.8884140550807217
24,15,leaked_vs_not,270,0.7246925260170293
24,15,leaked_vs_approp,234,0.6426234740285646
24,15,refused_vs_rest,270,0.8474596391263057
24,16,leaked_vs_not,270,0.6919138516333686
24,16,leaked_vs_approp,234,0.6014521662810182
24,16,refused_vs_rest,270,0.8218186134852802
24,17,leaked_vs_not,270,0.6569091212643998
24,17,leaked_vs_approp,234,0.6318519109550786
24,17,refused_vs_rest,270,0.8082858499525166
24,18,leaked_vs_not,270,0.6217930880961655
24,18,leaked_vs_approp,234,0.5981010133248226
24,18,refused_vs_rest,270,0.8404558404558404
24,19,leaked_vs_not,270,0.6602482052423617
24,19,leaked_vs_approp,234,0.5962658581345249
24,19,refused_vs_rest,270,0.7859686609686609
24,20,leaked_vs_not,270,0.662808169625466
24,20,leaked_vs_approp,234,0.554695603606479
24,20,refused_vs_rest,270,0.7522554605887939
24,21,leaked_vs_not,270,0.6748288719461295
24,21,leaked_vs_approp,234,0.6079151041251097
24,21,refused_vs_rest,270,0.801519468186135
24,22,leaked_vs_not,270,0.6526239634926818
24,22,leaked_vs_approp,234,0.6210005585254927
24,22,refused_vs_rest,270,0.8225308641975309
24,23,leaked_vs_not,270,0.5965273526629195
24,23,leaked_vs_approp,234,0.5369823665523019
24,23,refused_vs_rest,270,0.7802706552706553
24,24,leaked_vs_not,270,0.6610273248372196
24,24,leaked_vs_approp,234,0.5724088406606559
24,24,refused_vs_rest,270,0.7761158594491928
24,25,leaked_vs_not,270,0.6943625132172075
24,25,leaked_vs_approp,234,0.6216388733742919
24,25,refused_vs_rest,270,0.8568376068376068
24,26,leaked_vs_not,270,0.653514385886805
24,26,leaked_vs_approp,234,0.6359211681161733
24,26,refused_vs_rest,270,0.8948243114909781
24,27,leaked_vs_not,270,0.6944738160164728
24,27,leaked_vs_approp,234,0.6546716667996488
24,27,refused_vs_rest,270,0.8646723646723646
24,28,leaked_vs_not,270,0.6289164672491513
24,28,leaked_vs_approp,234,0.646932099257959
24,28,refused_vs_rest,270,0.8404558404558404
24,29,leaked_vs_not,270,0.6498413935110467
24,29,leaked_vs_approp,234,0.6799648926833161
24,29,refused_vs_rest,270,0.8085232668566003
24,30,leaked_vs_not,270,0.6700985029773497
24,30,leaked_vs_approp,234,0.6650442830926354
24,30,refused_vs_rest,270,0.7915479582146249
24,31,leaked_vs_not,270,0.7114474929044466
24,31,leaked_vs_approp,234,0.7047793824303838
24,31,refused_vs_rest,270,0.7927350427350428
24,32,leaked_vs_not,270,0.7097222995158328
24,32,leaked_vs_approp,234,0.6819596265858135
24,32,refused_vs_rest,270,0.7839506172839507
24,33,leaked_vs_not,270,0.6739941009516389
24,33,leaked_vs_approp,234,0.6809223649565147
24,33,refused_vs_rest,270,0.7577160493827162
24,34,leaked_vs_not,270,0.6841783070844233
24,34,leaked_vs_approp,234,0.6682358573366314
24,34,refused_vs_rest,270,0.7830009496676164
24,35,leaked_vs_not,270,0.6400467471756915
24,35,leaked_vs_approp,234,0.676135003590521
24,35,refused_vs_rest,270,0.7996201329534663
24,36,leaked_vs_not,270,0.6613055818353831
24,36,leaked_vs_approp,234,0.6519588286922525
24,36,refused_vs_rest,270,0.825735992402659
24,37,leaked_vs_not,270,0.6404919583727531
24,37,leaked_vs_approp,234,0.6491662012287561
24,37,refused_vs_rest,270,0.8233618233618234
24,38,leaked_vs_not,270,0.6311425232344593
24,38,leaked_vs_approp,234,0.6719061677172264
24,38,refused_vs_rest,270,0.7919040835707502
24,39,leaked_vs_not,270,0.6713228337692694
24,39,leaked_vs_approp,234,0.718503151679566
24,39,refused_vs_rest,270,0.8167141500474834
24,40,leaked_vs_not,270,0.6990928821859869
24,40,leaked_vs_approp,234,0.7240884066065586
24,40,refused_vs_rest,270,0.8262108262108262
24,41,leaked_vs_not,270,0.7270855362012355
24,41,leaked_vs_approp,234,0.7408441713875369
24,41,refused_vs_rest,270,0.8021130104463439
24,42,leaked_vs_not,270,0.7347654293505481
24,42,leaked_vs_approp,234,0.7710045479932978
24,42,refused_vs_rest,270,0.7638888888888888
24,43,leaked_vs_not,270,0.7065501697367689
24,43,leaked_vs_approp,234,0.7489028963536265
24,43,refused_vs_rest,270,0.7264957264957265
24,44,leaked_vs_not,270,0.6717123935666981
24,44,leaked_vs_approp,234,0.7015878081863879
24,44,refused_vs_rest,270,0.7674501424501423
24,45,leaked_vs_not,270,0.6739384495520063
24,45,leaked_vs_approp,234,0.6417457911114658
24,45,refused_vs_rest,270,0.778727445394112
24,46,leaked_vs_not,270,0.7036562969558684
24,46,leaked_vs_approp,234,0.704699593074284
24,46,refused_vs_rest,270,0.7819325735992403
24,47,leaked_vs_not,270,0.7284211697924202
24,47,leaked_vs_approp,234,0.6841937285566106
24,47,refused_vs_rest,270,0.8161206077872745
24,48,leaked_vs_not,270,0.7385497245255718
24,48,leaked_vs_approp,234,0.7167477858453682
24,48,refused_vs_rest,270,0.7811016144349479
24,49,leaked_vs_not,270,0.6565195614669709
24,49,leaked_vs_approp,234,0.63847442751137
24,49,refused_vs_rest,270,0.7999762583095916
24,50,leaked_vs_not,270,0.7242473148199677
24,50,leaked_vs_approp,234,0.7366951248703423
24,50,refused_vs_rest,270,0.7243589743589743
24,51,leaked_vs_not,270,0.6349824698091157
24,51,leaked_vs_approp,234,0.619963296896194
24,51,refused_vs_rest,270,0.7283950617283951
24,52,leaked_vs_not,270,0.637709388391118
24,52,leaked_vs_approp,234,0.6306550706135802
24,52,refused_vs_rest,270,0.709639126305793
24,53,leaked_vs_not,270,0.674161055150537
24,53,leaked_vs_approp,234,0.6340860129258756
24,53,refused_vs_rest,270,0.7943969610636278
24,54,leaked_vs_not,270,0.6815070399020535
24,54,leaked_vs_approp,234,0.6466927311896593
24,54,refused_vs_rest,270,0.8542260208926875
24,55,leaked_vs_not,270,0.6583004062552174
24,55,leaked_vs_approp,234,0.6357615894039736
24,55,refused_vs_rest,270,0.7630579297245964
24,56,leaked_vs_not,270,0.6370972229951584
24,56,leaked_vs_approp,234,0.6678369105561318
24,56,refused_vs_rest,270,0.7194919278252612
24,57,leaked_vs_not,270,0.6175635817240804
24,57,leaked_vs_approp,234,0.6446979972871618
24,57,refused_vs_rest,270,0.7545109211775878
24,58,leaked_vs_not,270,0.6571873782625632
24,58,leaked_vs_approp,234,0.6329689619404772
24,58,refused_vs_rest,270,0.7736229819563153
24,59,leaked_vs_not,270,0.6454449329400633
24,59,leaked_vs_approp,234,0.6415862123992659
24,59,refused_vs_rest,270,0.7097578347578347
24,60,leaked_vs_not,270,0.6690411263843284
24,60,leaked_vs_approp,234,0.679166999122317
24,60,refused_vs_rest,270,0.7412155745489079
24,61,leaked_vs_not,270,0.6424954087595304
24,61,leaked_vs_approp,234,0.5954679645735259
24,61,refused_vs_rest,270,0.7513057929724597
24,62,leaked_vs_not,270,0.7073849407312593
24,62,leaked_vs_approp,234,0.650761988350754
24,62,refused_vs_rest,270,0.8085232668566003
24,63,leaked_vs_not,270,0.7098892537147309
24,63,leaked_vs_approp,234,0.7071730631133807
24,63,refused_vs_rest,270,0.8304843304843305
24,64,leaked_vs_not,270,0.6634203350214258
24,64,leaked_vs_approp,234,0.6765339503710205
24,64,refused_vs_rest,270,0.77326685660019
28,0,leaked_vs_not,270,0.6554621848739497
28,0,leaked_vs_approp,234,0.6783691055613181
28,0,refused_vs_rest,270,0.8150522317188984
28,1,leaked_vs_not,270,0.6131671211530968
28,1,leaked_vs_approp,234,0.570892842894758
28,1,refused_vs_rest,270,0.8199192782526116
28,2,leaked_vs_not,270,0.6076576325894596
28,2,leaked_vs_approp,234,0.5828612463097422
28,2,refused_vs_rest,270,0.7813390313390314
28,3,leaked_vs_not,270,0.5651399632700762
28,3,leaked_vs_approp,234,0.5637118008457673
28,3,refused_vs_rest,270,0.7542735042735043
28,4,leaked_vs_not,270,0.6143914519450163
28,4,leaked_vs_approp,234,0.5640309582701666
28,4,refused_vs_rest,270,0.8264482431149098
28,5,leaked_vs_not,270,0.6025377038232511
28,5,leaked_vs_approp,234,0.522380914386021
28,5,refused_vs_rest,270,0.7679249762583096
28,6,leaked_vs_not,270,0.6372085257944238
28,6,leaked_vs_approp,234,0.5710524216069576
28,6,refused_vs_rest,270,0.7589031339031339
28,7,leaked_vs_not,270,0.6504535589070065
28,7,leaked_vs_approp,234,0.5852549269927393
28,7,refused_vs_rest,270,0.7922602089268755
28,8,leaked_vs_not,270,0.6035394290166397
28,8,leaked_vs_approp,234,0.5284449054496131
28,8,refused_vs_rest,270,0.742283950617284
28,9,leaked_vs_not,270,0.5695364238410596
28,9,leaked_vs_approp,234,0.47035825420888855
28,9,refused_vs_rest,270,0.7121320037986705
28,10,leaked_vs_not,270,0.5953586732706327
28,10,leaked_vs_approp,234,0.4899066464533631
28,10,refused_vs_rest,270,0.7254273504273504
28,11,leaked_vs_not,270,0.5795536757749458
28,11,leaked_vs_approp,234,0.5304396393521105
28,11,refused_vs_rest,270,0.7729107312440645
28,12,leaked_vs_not,270,0.5694251210417942
28,12,leaked_vs_approp,234,0.5541370781137795
28,12,refused_vs_rest,270,0.783713200379867
28,13,leaked_vs_not,270,0.6574656352607268
28,13,leaked_vs_approp,234,0.6324902258038778
28,13,refused_vs_rest,270,0.7761158594491927
28,14,leaked_vs_not,270,0.6284156046524569
28,14,leaked_vs_approp,234,0.5835793505146414
28,14,refused_vs_rest,270,0.8449667616334283
28,15,leaked_vs_not,270,0.6771105793310701
28,15,leaked_vs_approp,234,0.5866113460464374
28,15,refused_vs_rest,270,0.7801519468186136
28,16,leaked_vs_not,270,0.6700428515777173
28,16,leaked_vs_approp,234,0.5956275432857258
28,16,refused_vs_rest,270,0.8056742640075973
28,17,leaked_vs_not,270,0.6456675385385942
28,17,leaked_vs_approp,234,0.596904172983324
28,17,refused_vs_rest,270,0.7884615384615384
28,18,leaked_vs_not,270,0.6143358005453836
28,18,leaked_vs_approp,234,0.5701747386898588
28,18,refused_vs_rest,270,0.8051994301994302
28,19,leaked_vs_not,270,0.6512326785018644
28,19,leaked_vs_approp,234,0.587728397031836
28,19,refused_vs_rest,270,0.7972459639126306
28,20,leaked_vs_not,270,0.6718236963659637
28,20,leaked_vs_approp,234,0.5980212239687226
28,20,refused_vs_rest,270,0.7555792972459638
28,21,leaked_vs_not,270,0.6639768490177528
28,21,leaked_vs_approp,234,0.613739727120402
28,21,refused_vs_rest,270,0.7920227920227921
28,22,leaked_vs_not,270,0.6280816962546608
28,22,leaked_vs_approp,234,0.5998563791590202
28,22,refused_vs_rest,270,0.7983143399810066
28,23,leaked_vs_not,270,0.5922421948912014
28,23,leaked_vs_approp,234,0.5357057368547036
28,23,refused_vs_rest,270,0.7846628679962013
28,24,leaked_vs_not,270,0.6495631365128833
28,24,leaked_vs_approp,234,0.5744035745631533
28,24,refused_vs_rest,270,0.7712488129154795
28,25,leaked_vs_not,270,0.7103344649117925
28,25,leaked_vs_approp,234,0.6289794941354824
28,25,refused_vs_rest,270,0.8317901234567902
28,26,leaked_vs_not,270,0.6315320830318882
28,26,leaked_vs_approp,234,0.6032075321152158
28,26,refused_vs_rest,270,0.8863960113960114
28,27,leaked_vs_not,270,0.6895208414491624
28,27,leaked_vs_approp,234,0.6425436846724646
28,27,refused_vs_rest,270,0.8184947768281101
28,28,leaked_vs_not,270,0.603483777617007
28,28,leaked_vs_approp,234,0.6043245831006144
28,28,refused_vs_rest,270,0.8243114909781576
28,29,leaked_vs_not,270,0.6285269074517223
28,29,leaked_vs_approp,234,0.6679166999122317
28,29,refused_vs_rest,270,0.7464387464387465
28,30,leaked_vs_not,270,0.6688741721854305
28,30,leaked_vs_approp,234,0.6796457352589165
28,30,refused_vs_rest,270,0.7594966761633428
28,31,leaked_vs_not,270,0.6768879737325393
28,31,leaked_vs_approp,234,0.6741402696880237
28,31,refused_vs_rest,270,0.7656695156695157
28,32,leaked_vs_not,270,0.7157326506761645
28,32,leaked_vs_approp,234,0.6990345487911912
28,32,refused_vs_rest,270,0.7637701804368471
28,33,leaked_vs_not,270,0.6981468083922311
28,33,leaked_vs_approp,234,0.6931301364397989
28,33,refused_vs_rest,270,0.7340930674264007
28,34,leaked_vs_not,270,0.6844565640825867
28,34,leaked_vs_approp,234,0.6614537620681401
28,34,refused_vs_rest,270,0.7661443494776828
28,35,leaked_vs_not,270,0.6155601313373031
28,35,leaked_vs_approp,234,0.6404691614138674
28,35,refused_vs_rest,270,0.7674501424501425
28,36,leaked_vs_not,270,0.6159496911347322
28,36,leaked_vs_approp,234,0.6251496050426874
28,36,refused_vs_rest,270,0.7911918328584997
28,37,leaked_vs_not,270,0.6263008514664143
28,37,leaked_vs_approp,234,0.651559881911753
28,37,refused_vs_rest,270,0.8171889838556505
28,38,leaked_vs_not,270,0.6157270855362011
28,38,leaked_vs_approp,234,0.6341658022819756
28,38,refused_vs_rest,270,0.7729107312440647
28,39,leaked_vs_not,270,0.6602482052423618
28,39,leaked_vs_approp,234,0.6825979414346126
28,39,refused_vs_rest,270,0.7995014245014246
28,40,leaked_vs_not,270,0.652234403695253
28,40,leaked_vs_approp,234,0.6841937285566104
28,40,refused_vs_rest,270,0.7974833808167141
28,41,leaked_vs_not,270,0.7164004674717569
28,41,leaked_vs_approp,234,0.7078113779621799
28,41,refused_vs_rest,270,0.7799145299145298
28,42,leaked_vs_not,270,0.7093327397184038
28,42,leaked_vs_approp,234,0.7477858453682278
28,42,refused_vs_rest,270,0.744420702754036
28,43,leaked_vs_not,270,0.6604708108408928
28,43,leaked_vs_approp,234,0.710683794781776
28,43,refused_vs_rest,270,0.7038224121557455
28,44,leaked_vs_not,270,0.6311425232344594
28,44,leaked_vs_approp,234,0.6396712678528684
28,44,refused_vs_rest,270,0.7600902184235517
28,45,leaked_vs_not,270,0.6524570092937837
28,45,leaked_vs_approp,234,0.5913987074124312
28,45,refused_vs_rest,270,0.7599715099715099
28,46,leaked_vs_not,270,0.687183482664589
28,46,leaked_vs_approp,234,0.6814011010931141
28,46,refused_vs_rest,270,0.7113010446343779
28,47,leaked_vs_not,270,0.7028771773610106
28,47,leaked_vs_approp,234,0.6613739727120403
28,47,refused_vs_rest,270,0.8308404558404558
28,48,leaked_vs_not,270,0.7231342868273137
28,48,leaked_vs_approp,234,0.6802042607516158
28,48,refused_vs_rest,270,0.7618708452041786
28,49,leaked_vs_not,270,0.679559240914909
28,49,leaked_vs_approp,234,0.6525971435410518
28,49,refused_vs_rest,270,0.737773029439696
28,50,leaked_vs_not,270,0.6982024597918638
28,50,leaked_vs_approp,234,0.694646134205697
28,50,refused_vs_rest,270,0.6860161443494777
28,51,leaked_vs_not,270,0.6062663475986421
28,51,leaked_vs_approp,234,0.5963456474906248
28,51,refused_vs_rest,270,0.7197293447293447
28,52,leaked_vs_not,270,0.6441649507485113
28,52,leaked_vs_approp,234,0.6230750817840901
28,52,refused_vs_rest,270,0.6613247863247864
28,53,leaked_vs_not,270,0.6506205131059046
28,53,leaked_vs_approp,234,0.6059203702226124
28,53,refused_vs_rest,270,0.7381291547958215
28,54,leaked_vs_not,270,0.6548500194779898
28,54,leaked_vs_approp,234,0.6336072767892763
28,54,refused_vs_rest,270,0.8029439696106363
28,55,leaked_vs_not,270,0.690188658244755
28,55,leaked_vs_approp,234,0.6514003031995532
28,55,refused_vs_rest,270,0.7384852801519468
28,56,leaked_vs_not,270,0.6378763425900161
28,56,leaked_vs_approp,234,0.6726242719221256
28,56,refused_vs_rest,270,0.6915954415954416
28,57,leaked_vs_not,270,0.6017585842283933
28,57,leaked_vs_approp,234,0.6117449932179048
28,57,refused_vs_rest,270,0.6875593542260209
28,58,leaked_vs_not,270,0.6673715843953476
28,58,leaked_vs_approp,234,0.6470118886140589
28,58,refused_vs_rest,270,0.7158119658119658
28,59,leaked_vs_not,270,0.6043742000111303
28,59,leaked_vs_approp,234,0.58461661214394
28,59,refused_vs_rest,270,0.6938509021842355
28,60,leaked_vs_not,270,0.6364294061995659
28,60,leaked_vs_approp,234,0.6036862682518153
28,60,refused_vs_rest,270,0.6584757834757835
28,61,leaked_vs_not,270,0.6259669430686182
28,61,leaked_vs_approp,234,0.5364238410596027
28,61,refused_vs_rest,270,0.7458452041785375
28,62,leaked_vs_not,270,0.6482831543213312
28,62,leaked_vs_approp,234,0.5891646054416341
28,62,refused_vs_rest,270,0.7979582146248813
28,63,leaked_vs_not,270,0.7008737269742333
28,63,leaked_vs_approp,234,0.7119604244793745
28,63,refused_vs_rest,270,0.8277540360873694
28,64,leaked_vs_not,270,0.6736601925538428
28,64,leaked_vs_approp,234,0.6580228197558445
28,64,refused_vs_rest,270,0.7946343779677113
